"UserName","Description","DelayedAutoStart","BinaryPathName","StartupType","Name","RequiredServices","CanPauseAndContinue","CanShutdown","CanStop","DisplayName","DependentServices","MachineName","ServiceName","ServicesDependedOn","StartType","ServiceHandle","Status","ServiceType","Site","Container"
"LocalSystem","Adobe Acrobat Updater keeps your Adobe software up to date.","False","""C:\Program Files (x86)\Common Files\Adobe\ARM\1.0\armsvc.exe""","Automatic","AdobeARMservice","System.ServiceProcess.ServiceController[]","False","False","True","Adobe Acrobat Update Service","System.ServiceProcess.ServiceController[]",".","AdobeARMservice","System.ServiceProcess.ServiceController[]","Automatic","Microsoft.Win32.SafeHandles.SafeServiceHandle","Running","Win32OwnProcess",,
"LocalSystem",,"False","""C:\Program Files (x86)\Common Files\Adobe\Adobe Desktop Common\ElevationManager\AdobeUpdateService.exe""","Automatic","AdobeUpdateService","System.ServiceProcess.ServiceController[]","False","False","True","AdobeUpdateService","System.ServiceProcess.ServiceController[]",".","AdobeUpdateService","System.ServiceProcess.ServiceController[]","Automatic","Microsoft.Win32.SafeHandles.SafeServiceHandle","Running","Win32OwnProcess",,
"LocalSystem","Adobe Genuine Monitor Service","False","""C:\Program Files (x86)\Common Files\Adobe\AdobeGCClient\AGMService.exe""","Automatic","AGMService","System.ServiceProcess.ServiceController[]","False","True","True","Adobe Genuine Monitor Service","System.ServiceProcess.ServiceController[]",".","AGMService","System.ServiceProcess.ServiceController[]","Automatic","Microsoft.Win32.SafeHandles.SafeServiceHandle","Running","Win32OwnProcess",,
"LocalSystem","Adobe Genuine Software Integrity Service","False","""C:\Program Files (x86)\Common Files\Adobe\AdobeGCClient\AGSService.exe""","Automatic","AGSService","System.ServiceProcess.ServiceController[]","False","True","True","Adobe Genuine Software Integrity Service","System.ServiceProcess.ServiceController[]",".","AGSService","System.ServiceProcess.ServiceController[]","Automatic","Microsoft.Win32.SafeHandles.SafeServiceHandle","Running","Win32OwnProcess",,
"LocalSystem","Facilitates the running of interactive applications with additional administrative privileges.  If this service is stopped, users will be unable to launch applications with the additional administrative privileges they may require to perform desired user tasks.","False","C:\WINDOWS\system32\svchost.exe -k netsvcs -p","Manual","Appinfo","System.ServiceProcess.ServiceController[]","False","False","True","Application Information","System.ServiceProcess.ServiceController[]",".","Appinfo","System.ServiceProcess.ServiceController[]","Manual","Microsoft.Win32.SafeHandles.SafeServiceHandle","Running","Win32OwnProcess, Win32ShareProcess",,
"LocalSystem","Provides the interface to Apple mobile devices.","False","""C:\Program Files\Common Files\Apple\Mobile Device Support\AppleMobileDeviceService.exe""","Automatic","Apple Mobile Device Service","System.ServiceProcess.ServiceController[]","False","False","True","Apple Mobile Device Service","System.ServiceProcess.ServiceController[]",".","Apple Mobile Device Service","System.ServiceProcess.ServiceController[]","Automatic","Microsoft.Win32.SafeHandles.SafeServiceHandle","Running","Win32OwnProcess",,
"LocalSystem","Processes installation, removal, and enumeration requests for software deployed through Group Policy. If the service is disabled, users will be unable to install, remove, or enumerate software deployed through Group Policy. If this service is disabled, any services that explicitly depend on it will fail to start.","False","C:\WINDOWS\system32\svchost.exe -k netsvcs -p","Manual","AppMgmt","System.ServiceProcess.ServiceController[]","False","False","True","Application Management","System.ServiceProcess.ServiceController[]",".","AppMgmt","System.ServiceProcess.ServiceController[]","Manual","Microsoft.Win32.SafeHandles.SafeServiceHandle","Running","Win32OwnProcess, Win32ShareProcess",,
"LocalSystem","ASUS Com Service Description","False","""C:\Program Files (x86)\ASUS\AXSP\4.00.38\atkexComSvc.exe""","Automatic","asComSvc","System.ServiceProcess.ServiceController[]","False","False","True","ASUS Com Service","System.ServiceProcess.ServiceController[]",".","asComSvc","System.ServiceProcess.ServiceController[]","Automatic","Microsoft.Win32.SafeHandles.SafeServiceHandle","Running","Win32OwnProcess",,
"LocalSystem",,"False","C:\Program Files (x86)\ASUS\AsSysCtrlService\1.00.22\AsSysCtrlService.exe","Automatic","AsSysCtrlService","System.ServiceProcess.ServiceController[]","False","True","True","ASUS System Control Service","System.ServiceProcess.ServiceController[]",".","AsSysCtrlService","System.ServiceProcess.ServiceController[]","Automatic","Microsoft.Win32.SafeHandles.SafeServiceHandle","Running","Win32OwnProcess",,
"LocalSystem",,"False","C:\WINDOWS\System32\AsusUpdateCheck.exe","Automatic","AsusUpdateCheck","System.ServiceProcess.ServiceController[]","False","True","True","AsusUpdateCheck","System.ServiceProcess.ServiceController[]",".","AsusUpdateCheck","System.ServiceProcess.ServiceController[]","Automatic","Microsoft.Win32.SafeHandles.SafeServiceHandle","Running","Win32OwnProcess",,
"LocalSystem","Manages audio devices for the Windows Audio service.  If this service is stopped, audio devices and effects will not function properly.  If this service is disabled, any services that explicitly depend on it will fail to start","False","C:\WINDOWS\System32\svchost.exe -k LocalSystemNetworkRestricted -p","Automatic","AudioEndpointBuilder","System.ServiceProcess.ServiceController[]","False","False","True","Windows Audio Endpoint Builder","System.ServiceProcess.ServiceController[]",".","AudioEndpointBuilder","System.ServiceProcess.ServiceController[]","Automatic","Microsoft.Win32.SafeHandles.SafeServiceHandle","Running","Win32OwnProcess, Win32ShareProcess",,
"NT AUTHORITY\LocalService","Manages audio for Windows-based programs.  If this service is stopped, audio devices and effects will not function properly.  If this service is disabled, any services that explicitly depend on it will fail to start","False","C:\WINDOWS\System32\svchost.exe -k LocalServiceNetworkRestricted -p","Automatic","Audiosrv","System.ServiceProcess.ServiceController[]","False","False","True","Windows Audio","System.ServiceProcess.ServiceController[]",".","Audiosrv","System.ServiceProcess.ServiceController[]","Automatic","Microsoft.Win32.SafeHandles.SafeServiceHandle","Running","Win32OwnProcess",,
"NT AUTHORITY\LocalService","The Base Filtering Engine (BFE) is a service that manages firewall and Internet Protocol security (IPsec) policies and implements user mode filtering. Stopping or disabling the BFE service will significantly reduce the security of the system. It will also result in unpredictable behavior in IPsec management and firewall applications.","False","C:\WINDOWS\system32\svchost.exe -k LocalServiceNoNetworkFirewall -p","Automatic","BFE","System.ServiceProcess.ServiceController[]","False","False","True","Base Filtering Engine","System.ServiceProcess.ServiceController[]",".","BFE","System.ServiceProcess.ServiceController[]","Automatic",,"Running","Win32ShareProcess",,
"LocalSystem","Windows infrastructure service that controls which background tasks can run on the system.","False","C:\WINDOWS\system32\svchost.exe -k DcomLaunch -p","Automatic","BrokerInfrastructure","System.ServiceProcess.ServiceController[]","False","False","False","Background Tasks Infrastructure Service","System.ServiceProcess.ServiceController[]",".","BrokerInfrastructure","System.ServiceProcess.ServiceController[]","Automatic",,"Running","Win32ShareProcess",,
"NT AUTHORITY\LocalService","Service supporting the audio gateway role of the Bluetooth Handsfree Profile.","False","C:\WINDOWS\system32\svchost.exe -k LocalServiceNetworkRestricted","Manual","BTAGService","System.ServiceProcess.ServiceController[]","False","False","True","Bluetooth Audio Gateway Service","System.ServiceProcess.ServiceController[]",".","BTAGService","System.ServiceProcess.ServiceController[]","Manual","Microsoft.Win32.SafeHandles.SafeServiceHandle","Running","Win32OwnProcess, Win32ShareProcess",,
"NT AUTHORITY\LocalService","This is Audio Video Control Transport Protocol service","False","C:\WINDOWS\system32\svchost.exe -k LocalService -p","Manual","BthAvctpSvc","System.ServiceProcess.ServiceController[]","False","False","True","AVCTP service","System.ServiceProcess.ServiceController[]",".","BthAvctpSvc","System.ServiceProcess.ServiceController[]","Manual","Microsoft.Win32.SafeHandles.SafeServiceHandle","Running","Win32OwnProcess, Win32ShareProcess",,
"NT AUTHORITY\LocalService","The Bluetooth service supports discovery and association of remote Bluetooth devices.  Stopping or disabling this service may cause already installed Bluetooth devices to fail to operate properly and prevent new devices from being discovered or associated.","False","C:\WINDOWS\system32\svchost.exe -k LocalService -p","Manual","bthserv","System.ServiceProcess.ServiceController[]","False","True","True","Bluetooth Support Service","System.ServiceProcess.ServiceController[]",".","bthserv","System.ServiceProcess.ServiceController[]","Manual","Microsoft.Win32.SafeHandles.SafeServiceHandle","Running","Win32OwnProcess, Win32ShareProcess",,
"LocalSystem","Provides communication services to the NZXT CAM components.","False","""C:\Program Files\NZXT CAM\resources\app.asar.unpacked\node_modules\@nzxt\rust-cam\dist\target\x86_64-pc-windows-msvc\release\service.exe""","Automatic","CAMService","System.ServiceProcess.ServiceController[]","False","False","True","CAM Service","System.ServiceProcess.ServiceController[]",".","CAMService","System.ServiceProcess.ServiceController[]","Automatic","Microsoft.Win32.SafeHandles.SafeServiceHandle","Running","Win32OwnProcess",,
"LocalSystem","Provides facilities for managing UWP apps access to app capabilities as well as checking an app's access to specific app capabilities","False","C:\WINDOWS\system32\svchost.exe -k osprivacy -p","Manual","camsvc","System.ServiceProcess.ServiceController[]","False","True","True","Capability Access Manager Service","System.ServiceProcess.ServiceController[]",".","camsvc","System.ServiceProcess.ServiceController[]","Manual","Microsoft.Win32.SafeHandles.SafeServiceHandle","Running","Win32OwnProcess, Win32ShareProcess",,
"","Enables optional screen capture functionality for applications that call the Windows.Graphics.Capture API.","False","C:\WINDOWS\system32\svchost.exe -k LocalService -p","Manual","CaptureService_1041c6","System.ServiceProcess.ServiceController[]","False","False","True","CaptureService_1041c6","System.ServiceProcess.ServiceController[]",".","CaptureService_1041c6","System.ServiceProcess.ServiceController[]","Manual","Microsoft.Win32.SafeHandles.SafeServiceHandle","Running","240",,
"","This user service is used for Clipboard scenarios","True","C:\WINDOWS\system32\svchost.exe -k ClipboardSvcGroup -p","AutomaticDelayedStart","cbdhsvc_1041c6","System.ServiceProcess.ServiceController[]","False","False","True","cbdhsvc_1041c6","System.ServiceProcess.ServiceController[]",".","cbdhsvc_1041c6","System.ServiceProcess.ServiceController[]","Automatic","Microsoft.Win32.SafeHandles.SafeServiceHandle","Running","240",,
"NT AUTHORITY\LocalService","This service is used for Connected Devices Platform scenarios","True","C:\WINDOWS\system32\svchost.exe -k LocalService -p","AutomaticDelayedStart","CDPSvc","System.ServiceProcess.ServiceController[]","False","False","True","Connected Devices Platform Service","System.ServiceProcess.ServiceController[]",".","CDPSvc","System.ServiceProcess.ServiceController[]","Automatic","Microsoft.Win32.SafeHandles.SafeServiceHandle","Running","Win32OwnProcess, Win32ShareProcess",,
"","This user service is used for Connected Devices Platform scenarios","False","C:\WINDOWS\system32\svchost.exe -k UnistackSvcGroup","Automatic","CDPUserSvc_1041c6","System.ServiceProcess.ServiceController[]","False","False","True","CDPUserSvc_1041c6","System.ServiceProcess.ServiceController[]",".","CDPUserSvc_1041c6","System.ServiceProcess.ServiceController[]","Automatic","Microsoft.Win32.SafeHandles.SafeServiceHandle","Running","240",,
"LocalSystem","This service enables incoming connections from Chrome Remote Desktop clients.","False","""C:\Program Files (x86)\Google\Chrome Remote Desktop\99.0.4844.11\remoting_host.exe"" --type=daemon --host-config=""C:\ProgramData\Google\Chrome Remote Desktop\host.json""","Automatic","chromoting","System.ServiceProcess.ServiceController[]","False","True","True","Chrome Remote Desktop Service","System.ServiceProcess.ServiceController[]",".","chromoting","System.ServiceProcess.ServiceController[]","Automatic","Microsoft.Win32.SafeHandles.SafeServiceHandle","Running","Win32OwnProcess",,
"NT AUTHORITY\LocalService","Manages communication between system components.","False","C:\WINDOWS\system32\svchost.exe -k LocalServiceNoNetwork -p","Automatic","CoreMessagingRegistrar","System.ServiceProcess.ServiceController[]","False","False","False","CoreMessaging","System.ServiceProcess.ServiceController[]",".","CoreMessagingRegistrar","System.ServiceProcess.ServiceController[]","Automatic",,"Running","Win32ShareProcess",,
"NT Authority\NetworkService","Provides three management services: Catalog Database Service, which confirms the signatures of Windows files and allows new programs to be installed; Protected Root Service, which adds and removes Trusted Root Certification Authority certificates from this computer; and Automatic Root Certificate Update Service, which retrieves root certificates from Windows Update and enable scenarios such as SSL. If this service is stopped, these management services will not function properly. If this service is disabled, any services that explicitly depend on it will fail to start.","False","C:\WINDOWS\system32\svchost.exe -k NetworkService -p","Automatic","CryptSvc","System.ServiceProcess.ServiceController[]","False","True","True","Cryptographic Services","System.ServiceProcess.ServiceController[]",".","CryptSvc","System.ServiceProcess.ServiceController[]","Automatic","Microsoft.Win32.SafeHandles.SafeServiceHandle","Running","Win32OwnProcess",,
"LocalSystem","The DCOMLAUNCH service launches COM and DCOM servers in response to object activation requests. If this service is stopped or disabled, programs using COM or DCOM will not function properly. It is strongly recommended that you have the DCOMLAUNCH service running.","False","C:\WINDOWS\system32\svchost.exe -k DcomLaunch -p","Automatic","DcomLaunch","System.ServiceProcess.ServiceController[]","False","False","False","DCOM Server Process Launcher","System.ServiceProcess.ServiceController[]",".","DcomLaunch","System.ServiceProcess.ServiceController[]","Automatic",,"Running","Win32ShareProcess",,
"LocalSystem","Enables pairing between the system and wired or wireless devices.","False","C:\WINDOWS\system32\svchost.exe -k LocalSystemNetworkRestricted -p","Manual","DeviceAssociationService","System.ServiceProcess.ServiceController[]","False","True","True","Device Association Service","System.ServiceProcess.ServiceController[]",".","DeviceAssociationService","System.ServiceProcess.ServiceController[]","Manual","Microsoft.Win32.SafeHandles.SafeServiceHandle","Running","Win32OwnProcess, Win32ShareProcess",,
"LocalSystem","Enables a computer to recognize and adapt to hardware changes with little or no user input. Stopping or disabling this service will result in system instability.","False","C:\WINDOWS\system32\svchost.exe -k DcomLaunch -p","Manual","DeviceInstall","System.ServiceProcess.ServiceController[]","False","False","True","Device Install Service","System.ServiceProcess.ServiceController[]",".","DeviceInstall","System.ServiceProcess.ServiceController[]","Manual","Microsoft.Win32.SafeHandles.SafeServiceHandle","Running","Win32OwnProcess, Win32ShareProcess",,
"","Allows ConnectUX and PC Settings to Connect and Pair with WiFi displays and Bluetooth devices.","False","C:\WINDOWS\system32\svchost.exe -k DevicesFlow","Manual","DevicesFlowUserSvc_1041c6","System.ServiceProcess.ServiceController[]","False","False","True","DevicesFlowUserSvc_1041c6","System.ServiceProcess.ServiceController[]",".","DevicesFlowUserSvc_1041c6","System.ServiceProcess.ServiceController[]","Manual","Microsoft.Win32.SafeHandles.SafeServiceHandle","Running","240",,
"NT Authority\LocalService","Registers and updates IP addresses and DNS records for this computer. If this service is stopped, this computer will not receive dynamic IP addresses and DNS updates. If this service is disabled, any services that explicitly depend on it will fail to start.","False","C:\WINDOWS\system32\svchost.exe -k LocalServiceNetworkRestricted -p","Automatic","Dhcp","System.ServiceProcess.ServiceController[]","False","True","True","DHCP Client","System.ServiceProcess.ServiceController[]",".","Dhcp","System.ServiceProcess.ServiceController[]","Automatic","Microsoft.Win32.SafeHandles.SafeServiceHandle","Running","Win32OwnProcess, Win32ShareProcess",,
"LocalSystem","The Connected User Experiences and Telemetry service enables features that support in-application and connected user experiences. Additionally, this service manages the event driven collection and transmission of diagnostic and usage information (used to improve the experience and quality of the Windows Platform) when the diagnostics and usage privacy option settings are enabled under Feedback and Diagnostics.","False","C:\WINDOWS\System32\svchost.exe -k utcsvc -p","Automatic","DiagTrack","System.ServiceProcess.ServiceController[]","False","True","True","Connected User Experiences and Telemetry","System.ServiceProcess.ServiceController[]",".","DiagTrack","System.ServiceProcess.ServiceController[]","Automatic","Microsoft.Win32.SafeHandles.SafeServiceHandle","Running","Win32OwnProcess",,
"NT AUTHORITY\LocalService","Manages the connection and configuration of local and remote displays","True","C:\WINDOWS\system32\svchost.exe -k LocalService -p","AutomaticDelayedStart","DispBrokerDesktopSvc","System.ServiceProcess.ServiceController[]","False","False","True","Display Policy Service","System.ServiceProcess.ServiceController[]",".","DispBrokerDesktopSvc","System.ServiceProcess.ServiceController[]","Automatic","Microsoft.Win32.SafeHandles.SafeServiceHandle","Running","Win32OwnProcess, Win32ShareProcess",,
"LocalSystem","A service for managing display enhancement such as brightness control.","False","C:\WINDOWS\system32\svchost.exe -k LocalSystemNetworkRestricted -p","Manual","DisplayEnhancementService","System.ServiceProcess.ServiceController[]","False","False","True","Display Enhancement Service","System.ServiceProcess.ServiceController[]",".","DisplayEnhancementService","System.ServiceProcess.ServiceController[]","Manual","Microsoft.Win32.SafeHandles.SafeServiceHandle","Running","Win32OwnProcess, Win32ShareProcess",,
"NT AUTHORITY\NetworkService","The DNS Client service (dnscache) caches Domain Name System (DNS) names and registers the full computer name for this computer. If the service is stopped, DNS names will continue to be resolved. However, the results of DNS name queries will not be cached and the computer's name will not be registered. If the service is disabled, any services that explicitly depend on it will fail to start.","False","C:\WINDOWS\system32\svchost.exe -k NetworkService -p","Automatic","Dnscache","System.ServiceProcess.ServiceController[]","False","False","False","DNS Client","System.ServiceProcess.ServiceController[]",".","Dnscache","System.ServiceProcess.ServiceController[]","Automatic",,"Running","Win32OwnProcess",,
"NT AUTHORITY\LocalService","The Diagnostic Policy Service enables problem detection, troubleshooting and resolution for Windows components.  If this service is stopped, diagnostics will no longer function.","False","C:\WINDOWS\System32\svchost.exe -k LocalServiceNoNetwork -p","Automatic","DPS","System.ServiceProcess.ServiceController[]","False","True","True","Diagnostic Policy Service","System.ServiceProcess.ServiceController[]",".","DPS","System.ServiceProcess.ServiceController[]","Automatic",,"Running","Win32OwnProcess, Win32ShareProcess",,
"LocalSystem","Provides data brokering between applications.","False","C:\WINDOWS\System32\svchost.exe -k LocalSystemNetworkRestricted -p","Manual","DsSvc","System.ServiceProcess.ServiceController[]","False","False","True","Data Sharing Service","System.ServiceProcess.ServiceController[]",".","DsSvc","System.ServiceProcess.ServiceController[]","Manual","Microsoft.Win32.SafeHandles.SafeServiceHandle","Running","Win32OwnProcess, Win32ShareProcess",,
"NT Authority\LocalService","Network data usage, data limit, restrict background data, metered networks.","False","C:\WINDOWS\System32\svchost.exe -k LocalServiceNetworkRestricted -p","Automatic","DusmSvc","System.ServiceProcess.ServiceController[]","False","False","True","Data Usage","System.ServiceProcess.ServiceController[]",".","DusmSvc","System.ServiceProcess.ServiceController[]","Automatic","Microsoft.Win32.SafeHandles.SafeServiceHandle","Running","Win32OwnProcess",,
"LocalSystem","Provides the core file encryption technology used to store encrypted files on NTFS file system volumes. If this service is stopped or disabled, applications will be unable to access encrypted files.","False","C:\WINDOWS\System32\lsass.exe","Manual","EFS","System.ServiceProcess.ServiceController[]","False","False","False","Encrypting File System (EFS)","System.ServiceProcess.ServiceController[]",".","EFS","System.ServiceProcess.ServiceController[]","Manual",,"Running","Win32ShareProcess",,
"NT AUTHORITY\LocalService","This service manages events and event logs. It supports logging events, querying events, subscribing to events, archiving event logs, and managing event metadata. It can display events in both XML and plain text format. Stopping this service may compromise security and reliability of the system.","False","C:\WINDOWS\System32\svchost.exe -k LocalServiceNetworkRestricted -p","Automatic","EventLog","System.ServiceProcess.ServiceController[]","False","True","True","Windows Event Log","System.ServiceProcess.ServiceController[]",".","EventLog","System.ServiceProcess.ServiceController[]","Automatic","Microsoft.Win32.SafeHandles.SafeServiceHandle","Running","Win32OwnProcess, Win32ShareProcess",,
"NT AUTHORITY\LocalService","Supports System Event Notification Service (SENS), which provides automatic distribution of events to subscribing Component Object Model (COM) components. If the service is stopped, SENS will close and will not be able to provide logon and logoff notifications. If this service is disabled, any services that explicitly depend on it will fail to start.","False","C:\WINDOWS\system32\svchost.exe -k LocalService -p","Automatic","EventSystem","System.ServiceProcess.ServiceController[]","False","False","True","COM+ Event System","System.ServiceProcess.ServiceController[]",".","EventSystem","System.ServiceProcess.ServiceController[]","Automatic","Microsoft.Win32.SafeHandles.SafeServiceHandle","Running","Win32OwnProcess, Win32ShareProcess",,
"NT AUTHORITY\LocalService","Optimizes performance of applications by caching commonly used font data. Applications will start this service if it is not already running. It can be disabled, though doing so will degrade application performance.","False","C:\WINDOWS\system32\svchost.exe -k LocalService -p","Automatic","FontCache","System.ServiceProcess.ServiceController[]","False","True","True","Windows Font Cache Service","System.ServiceProcess.ServiceController[]",".","FontCache","System.ServiceProcess.ServiceController[]","Automatic","Microsoft.Win32.SafeHandles.SafeServiceHandle","Running","Win32OwnProcess, Win32ShareProcess",,
"LocalSystem","Gaming Services","False","""C:\Program Files\WindowsApps\Microsoft.GamingServices_3.63.22003.0_x64__8wekyb3d8bbwe\GamingServices.exe""","Automatic","GamingServices","System.ServiceProcess.ServiceController[]","False","True","True","Gaming Services","System.ServiceProcess.ServiceController[]",".","GamingServices","System.ServiceProcess.ServiceController[]","Automatic",,"Running","528",,
"NT AUTHORITY\LocalService","Gaming Services","False","""C:\Program Files\WindowsApps\Microsoft.GamingServices_3.63.22003.0_x64__8wekyb3d8bbwe\GamingServicesNet.exe""","Automatic","GamingServicesNet","System.ServiceProcess.ServiceController[]","False","False","True","Gaming Services","System.ServiceProcess.ServiceController[]",".","GamingServicesNet","System.ServiceProcess.ServiceController[]","Automatic",,"Running","528",,
"LocalSystem","Manages licenses secured by Sentinel LDK.","False","""C:\Program Files (x86)\Common Files\Aladdin Shared\HASP\hasplms.exe""  -run","Automatic","hasplms","System.ServiceProcess.ServiceController[]","False","False","True","Sentinel LDK License Manager","System.ServiceProcess.ServiceController[]",".","hasplms","System.ServiceProcess.ServiceController[]","Automatic","Microsoft.Win32.SafeHandles.SafeServiceHandle","Running","Win32OwnProcess",,
"LocalSystem","Activates and maintains the use of hot buttons on keyboards, remote controls, and other multimedia devices. It is recommended that you keep this service running.","False","C:\WINDOWS\system32\svchost.exe -k LocalSystemNetworkRestricted -p","Manual","hidserv","System.ServiceProcess.ServiceController[]","False","True","True","Human Interface Device Service","System.ServiceProcess.ServiceController[]",".","hidserv","System.ServiceProcess.ServiceController[]","Manual","Microsoft.Win32.SafeHandles.SafeServiceHandle","Running","Win32OwnProcess, Win32ShareProcess",,
"LocalSystem","Provides support for Windows Virtual Networks.","False","C:\WINDOWS\system32\svchost.exe -k NetSvcs -p","Manual","HNS","System.ServiceProcess.ServiceController[]","False","False","True","Host Network Service","System.ServiceProcess.ServiceController[]",".","HNS","System.ServiceProcess.ServiceController[]","Manual","Microsoft.Win32.SafeHandles.SafeServiceHandle","Running","Win32OwnProcess, Win32ShareProcess",,
"LocalSystem","Provides an interface for the Hyper-V hypervisor to provide per-partition performance counters to the host operating system.","False","C:\WINDOWS\system32\svchost.exe -k LocalSystemNetworkRestricted -p","Manual","HvHost","System.ServiceProcess.ServiceController[]","False","True","True","HV Host Service","System.ServiceProcess.ServiceController[]",".","HvHost","System.ServiceProcess.ServiceController[]","Manual","Microsoft.Win32.SafeHandles.SafeServiceHandle","Running","Win32OwnProcess, Win32ShareProcess",,
"LocalSystem","The IKEEXT service hosts the Internet Key Exchange (IKE) and Authenticated Internet Protocol (AuthIP) keying modules. These keying modules are used for authentication and key exchange in Internet Protocol security (IPsec). Stopping or disabling the IKEEXT service will disable IKE and AuthIP key exchange with peer computers. IPsec is typically configured to use IKE or AuthIP; therefore, stopping or disabling the IKEEXT service might result in an IPsec failure and might compromise the security of the system. It is strongly recommended that you have the IKEEXT service running.","False","C:\WINDOWS\system32\svchost.exe -k netsvcs -p","Automatic","IKEEXT","System.ServiceProcess.ServiceController[]","False","True","True","IKE and AuthIP IPsec Keying Modules","System.ServiceProcess.ServiceController[]",".","IKEEXT","System.ServiceProcess.ServiceController[]","Automatic","Microsoft.Win32.SafeHandles.SafeServiceHandle","Running","Win32OwnProcess, Win32ShareProcess",,
"LocalSystem","Provides infrastructure support for the Microsoft Store.  This service is started on demand and if disabled then installations will not function properly.","False","C:\WINDOWS\System32\svchost.exe -k netsvcs -p","Manual","InstallService","System.ServiceProcess.ServiceController[]","False","False","True","Microsoft Store Install Service","System.ServiceProcess.ServiceController[]",".","InstallService","System.ServiceProcess.ServiceController[]","Manual","Microsoft.Win32.SafeHandles.SafeServiceHandle","Running","Win32OwnProcess",,
"LocalSystem","Provides tunnel connectivity using IPv6 transition technologies (6to4, ISATAP, Port Proxy, and Teredo), and IP-HTTPS. If this service is stopped, the computer will not have the enhanced connectivity benefits that these technologies offer.","False","C:\WINDOWS\System32\svchost.exe -k NetSvcs -p","Automatic","iphlpsvc","System.ServiceProcess.ServiceController[]","False","False","True","IP Helper","System.ServiceProcess.ServiceController[]",".","iphlpsvc","System.ServiceProcess.ServiceController[]","Automatic","Microsoft.Win32.SafeHandles.SafeServiceHandle","Running","Win32OwnProcess, Win32ShareProcess",,
"LocalSystem","Enables communication between Windows Phone SDK and Windows Phone device. If the service is stopped, application deployment and debugging will fail on device.","False","""C:\Program Files (x86)\Common Files\Microsoft Shared\Phone Tools\CoreCon\11.0\bin\IpOverUsbSvc.exe""","Automatic","IpOverUsbSvc","System.ServiceProcess.ServiceController[]","False","True","True","Windows Phone IP over USB Transport (IpOverUsbSvc)","System.ServiceProcess.ServiceController[]",".","IpOverUsbSvc","System.ServiceProcess.ServiceController[]","Automatic","Microsoft.Win32.SafeHandles.SafeServiceHandle","Running","Win32OwnProcess",,
"LocalSystem","The CNG key isolation service is hosted in the LSA process. The service provides key process isolation to private keys and associated cryptographic operations as required by the Common Criteria. The service stores and uses long-lived keys in a secure process complying with Common Criteria requirements.","False","C:\WINDOWS\system32\lsass.exe","Manual","KeyIso","System.ServiceProcess.ServiceController[]","False","False","True","CNG Key Isolation","System.ServiceProcess.ServiceController[]",".","KeyIso","System.ServiceProcess.ServiceController[]","Manual","Microsoft.Win32.SafeHandles.SafeServiceHandle","Running","Win32ShareProcess",,
"LocalSystem","Supports file, print, and named-pipe sharing over the network for this computer. If this service is stopped, these functions will be unavailable. If this service is disabled, any services that explicitly depend on it will fail to start.","False","C:\WINDOWS\system32\svchost.exe -k netsvcs -p","Automatic","LanmanServer","System.ServiceProcess.ServiceController[]","False","False","True","Server","System.ServiceProcess.ServiceController[]",".","LanmanServer","System.ServiceProcess.ServiceController[]","Automatic","Microsoft.Win32.SafeHandles.SafeServiceHandle","Running","Win32OwnProcess, Win32ShareProcess",,
"NT AUTHORITY\NetworkService","Creates and maintains client network connections to remote servers using the SMB protocol. If this service is stopped, these connections will be unavailable. If this service is disabled, any services that explicitly depend on it will fail to start.","False","C:\WINDOWS\System32\svchost.exe -k NetworkService -p","Automatic","LanmanWorkstation","System.ServiceProcess.ServiceController[]","True","False","True","Workstation","System.ServiceProcess.ServiceController[]",".","LanmanWorkstation","System.ServiceProcess.ServiceController[]","Automatic","Microsoft.Win32.SafeHandles.SafeServiceHandle","Running","Win32OwnProcess, Win32ShareProcess",,
"LocalSystem","This service monitors the current location of the system and manages geofences (a geographical location with associated events).  If you turn off this service, applications will be unable to use or receive notifications for geolocation or geofences.","False","C:\WINDOWS\system32\svchost.exe -k netsvcs -p","Manual","lfsvc","System.ServiceProcess.ServiceController[]","False","False","True","Geolocation Service","System.ServiceProcess.ServiceController[]",".","lfsvc","System.ServiceProcess.ServiceController[]","Manual","Microsoft.Win32.SafeHandles.SafeServiceHandle","Running","Win32OwnProcess, Win32ShareProcess",,
"LocalSystem",,"False","""C:\Program Files\LGHUB\lghub_updater.exe"" --run-as-service","Automatic","LGHUBUpdaterService","System.ServiceProcess.ServiceController[]","False","True","True","LGHUB Updater Service","System.ServiceProcess.ServiceController[]",".","LGHUBUpdaterService","System.ServiceProcess.ServiceController[]","Automatic","Microsoft.Win32.SafeHandles.SafeServiceHandle","Running","Win32OwnProcess",,
"NT Authority\LocalService","Provides infrastructure support for the Microsoft Store.  This service is started on demand and if disabled then content acquired through the Microsoft Store will not function properly.","False","C:\WINDOWS\System32\svchost.exe -k LocalService -p","Manual","LicenseManager","System.ServiceProcess.ServiceController[]","False","False","True","Windows License Manager Service","System.ServiceProcess.ServiceController[]",".","LicenseManager","System.ServiceProcess.ServiceController[]","Manual","Microsoft.Win32.SafeHandles.SafeServiceHandle","Running","Win32OwnProcess, Win32ShareProcess",,
"NT AUTHORITY\LocalService","Provides support for the NetBIOS over TCP/IP (NetBT) service and NetBIOS name resolution for clients on the network, therefore enabling users to share files, print, and log on to the network. If this service is stopped, these functions might be unavailable. If this service is disabled, any services that explicitly depend on it will fail to start.","False","C:\WINDOWS\System32\svchost.exe -k LocalServiceNetworkRestricted -p","Manual","lmhosts","System.ServiceProcess.ServiceController[]","False","False","True","TCP/IP NetBIOS Helper","System.ServiceProcess.ServiceController[]",".","lmhosts","System.ServiceProcess.ServiceController[]","Manual","Microsoft.Win32.SafeHandles.SafeServiceHandle","Running","Win32OwnProcess, Win32ShareProcess",,
"LocalSystem","Core Windows Service that manages local user sessions. Stopping or disabling this service will result in system instability.","False","C:\WINDOWS\system32\svchost.exe -k DcomLaunch -p","Automatic","LSM","System.ServiceProcess.ServiceController[]","False","False","False","Local Session Manager","System.ServiceProcess.ServiceController[]",".","LSM","System.ServiceProcess.ServiceController[]","Automatic",,"Running","Win32OwnProcess, Win32ShareProcess",,
"LocalSystem","The LXSS Manager service supports running native ELF binaries. The service provides the infrastructure necessary for ELF binaries to run on Windows. If the service is stopped or disabled, those binaries will no longer run.","False","C:\WINDOWS\system32\svchost.exe -k netsvcs -p","Manual","LxssManager","System.ServiceProcess.ServiceController[]","False","False","True","LxssManager","System.ServiceProcess.ServiceController[]",".","LxssManager","System.ServiceProcess.ServiceController[]","Manual","Microsoft.Win32.SafeHandles.SafeServiceHandle","Running","Win32OwnProcess, Win32ShareProcess",,
"NT Authority\LocalService","Windows Defender Firewall helps protect your computer by preventing unauthorized users from gaining access to your computer through the Internet or a network.","False","C:\WINDOWS\system32\svchost.exe -k LocalServiceNoNetworkFirewall -p","Automatic","mpssvc","System.ServiceProcess.ServiceController[]","False","False","False","Windows Defender Firewall","System.ServiceProcess.ServiceController[]",".","mpssvc","System.ServiceProcess.ServiceController[]","Automatic",,"Running","Win32ShareProcess",,
"LocalSystem","Brokers connections that allow Windows Store Apps to receive notifications from the internet.","False","C:\WINDOWS\System32\svchost.exe -k LocalSystemNetworkRestricted -p","Manual","NcbService","System.ServiceProcess.ServiceController[]","False","False","True","Network Connection Broker","System.ServiceProcess.ServiceController[]",".","NcbService","System.ServiceProcess.ServiceController[]","Manual","Microsoft.Win32.SafeHandles.SafeServiceHandle","Running","Win32OwnProcess, Win32ShareProcess",,
"NT AUTHORITY\NetworkService","Identifies the networks to which the computer has connected, collects and stores properties for these networks, and notifies applications when these properties change.","False","C:\WINDOWS\System32\svchost.exe -k netprofm -p","Manual","netprofm","System.ServiceProcess.ServiceController[]","False","False","True","Network List Service","System.ServiceProcess.ServiceController[]",".","netprofm","System.ServiceProcess.ServiceController[]","Manual","Microsoft.Win32.SafeHandles.SafeServiceHandle","Running","Win32OwnProcess, Win32ShareProcess",,
"NT AUTHORITY\LocalService","Manages local user identity keys used to authenticate user to identity providers as well as TPM virtual smart cards. If this service is disabled, local user identity keys and TPM virtual smart cards will not be accessible. It is recommended that you do not reconfigure this service.","False","C:\WINDOWS\system32\svchost.exe -k LocalServiceNetworkRestricted -p","Manual","NgcCtnrSvc","System.ServiceProcess.ServiceController[]","False","False","True","Microsoft Passport Container","System.ServiceProcess.ServiceController[]",".","NgcCtnrSvc","System.ServiceProcess.ServiceController[]","Manual",,"Running","Win32OwnProcess, Win32ShareProcess",,
"LocalSystem","Provides process isolation for cryptographic keys used to authenticate to a userâ€™s associated identity providers. If this service is disabled, all uses and management of these keys will not be available, which includes machine logon and single-sign on for apps and websites. This service starts and stops automatically. It is recommended that you do not reconfigure this service.","False","C:\WINDOWS\system32\svchost.exe -k LocalSystemNetworkRestricted -p","Manual","NgcSvc","System.ServiceProcess.ServiceController[]","False","False","True","Microsoft Passport","System.ServiceProcess.ServiceController[]",".","NgcSvc","System.ServiceProcess.ServiceController[]","Manual",,"Running","Win32OwnProcess, Win32ShareProcess",,
,,"False",,"Manual","NPSMSvc_1041c6","System.ServiceProcess.ServiceController[]","False","False","True","NPSMSvc_1041c6","System.ServiceProcess.ServiceController[]",".","NPSMSvc_1041c6","System.ServiceProcess.ServiceController[]","Manual","Microsoft.Win32.SafeHandles.SafeServiceHandle","Running","240",,
"NT Authority\LocalService","This service delivers network notifications (e.g. interface addition/deleting etc) to user mode clients. Stopping this service will cause loss of network connectivity. If this service is disabled, any other services that explicitly depend on this service will fail to start.","False","C:\WINDOWS\system32\svchost.exe -k LocalService -p","Automatic","nsi","System.ServiceProcess.ServiceController[]","False","False","True","Network Store Interface Service","System.ServiceProcess.ServiceController[]",".","nsi","System.ServiceProcess.ServiceController[]","Automatic","Microsoft.Win32.SafeHandles.SafeServiceHandle","Running","Win32OwnProcess, Win32ShareProcess",,
"LocalSystem","Provides network virtualization services.","False","C:\WINDOWS\system32\svchost.exe -k NetSvcs","Manual","nvagent","System.ServiceProcess.ServiceController[]","False","True","True","Network Virtualization Service","System.ServiceProcess.ServiceController[]",".","nvagent","System.ServiceProcess.ServiceController[]","Manual","Microsoft.Win32.SafeHandles.SafeServiceHandle","Running","Win32OwnProcess, Win32ShareProcess",,
"LocalSystem","Container service for NVIDIA Broadcast features","False","""C:\Program Files\NVIDIA Corporation\NvBroadcast.NvContainer\NvBroadcast.Container.exe"" -s NvBroadcast.ContainerLocalSystem -f ""C:\ProgramData\NVIDIA\NvBroadcast.ContainerLocalSystem.log"" -l 3 -d ""C:\Program Files\NVIDIA Corporation\NvBroadcast.NvContainer\plugins\LocalSystem"" -r -p 30000 ","Automatic","NvBroadcast.ContainerLocalSystem","System.ServiceProcess.ServiceController[]","False","True","True","NVIDIA Broadcast LocalSystem Container","System.ServiceProcess.ServiceController[]",".","NvBroadcast.ContainerLocalSystem","System.ServiceProcess.ServiceController[]","Automatic","Microsoft.Win32.SafeHandles.SafeServiceHandle","Running","Win32OwnProcess",,
"LocalSystem","Container service for NVIDIA root features","False","""C:\Program Files\NVIDIA Corporation\NvContainer\nvcontainer.exe"" -s NvContainerLocalSystem -f ""C:\ProgramData\NVIDIA\NvContainerLocalSystem.log"" -l 3 -d ""C:\Program Files\NVIDIA Corporation\NvContainer\plugins\LocalSystem"" -r -p 30000 -st ""C:\Program Files\NVIDIA Corporation\NvContainer\NvContainerTelemetryApi.dll""","Automatic","NvContainerLocalSystem","System.ServiceProcess.ServiceController[]","False","True","True","NVIDIA LocalSystem Container","System.ServiceProcess.ServiceController[]",".","NvContainerLocalSystem","System.ServiceProcess.ServiceController[]","Automatic","Microsoft.Win32.SafeHandles.SafeServiceHandle","Running","Win32OwnProcess",,
"LocalSystem","Container service for NVIDIA root features","False","C:\WINDOWS\System32\DriverStore\FileRepository\nv_dispi.inf_amd64_3b12ac0f95b18b9d\Display.NvContainer\NVDisplay.Container.exe -s NVDisplay.ContainerLocalSystem -f C:\ProgramData\NVIDIA\NVDisplay.ContainerLocalSystem.log -l 3 -d C:\WINDOWS\System32\DriverStore\FileRepository\nv_dispi.inf_amd64_3b12ac0f95b18b9d\Display.NvContainer\plugins\LocalSystem -r -p 30000 -cfg NVDisplay.ContainerLocalSystem\LocalSystem","Automatic","NVDisplay.ContainerLocalSystem","System.ServiceProcess.ServiceController[]","False","True","True","NVIDIA Display Container LS","System.ServiceProcess.ServiceController[]",".","NVDisplay.ContainerLocalSystem","System.ServiceProcess.ServiceController[]","Automatic","Microsoft.Win32.SafeHandles.SafeServiceHandle","Running","Win32OwnProcess",,
"","This service synchronizes mail, contacts, calendar and various other user data. Mail and other applications dependent on this functionality will not work properly when this service is not running.","True","C:\WINDOWS\system32\svchost.exe -k UnistackSvcGroup","AutomaticDelayedStart","OneSyncSvc_1041c6","System.ServiceProcess.ServiceController[]","False","False","True","OneSyncSvc_1041c6","System.ServiceProcess.ServiceController[]",".","OneSyncSvc_1041c6","System.ServiceProcess.ServiceController[]","Automatic","Microsoft.Win32.SafeHandles.SafeServiceHandle","Running","224",,
"LocalSystem","Allows OpenVPN GUI and other clients to establish OpenVPN connections without administrative privileges in a secure way.","False","""C:\Program Files\OpenVPN\bin\openvpnserv.exe""","Automatic","OpenVPNServiceInteractive","System.ServiceProcess.ServiceController[]","False","False","True","OpenVPN Interactive Service","System.ServiceProcess.ServiceController[]",".","OpenVPNServiceInteractive","System.ServiceProcess.ServiceController[]","Automatic","Microsoft.Win32.SafeHandles.SafeServiceHandle","Running","Win32ShareProcess",,
"NT AUTHORITY\LocalService",,"False","""C:\Program Files (x86)\Origin\OriginWebHelperService.exe""","Automatic","Origin Web Helper Service","System.ServiceProcess.ServiceController[]","False","False","True","Origin Web Helper Service","System.ServiceProcess.ServiceController[]",".","Origin Web Helper Service","System.ServiceProcess.ServiceController[]","Automatic","Microsoft.Win32.SafeHandles.SafeServiceHandle","Running","Win32OwnProcess",,
"LocalSystem","The Oculus Runtime Service powers your headset. Disabling this service will prevent Oculus from running on your computer.","False","""C:\Program Files\Oculus\Support\oculus-runtime\OVRServiceLauncher.exe""","Automatic","OVRService","System.ServiceProcess.ServiceController[]","False","True","True","Oculus VR Runtime Service","System.ServiceProcess.ServiceController[]",".","OVRService","System.ServiceProcess.ServiceController[]","Automatic","Microsoft.Win32.SafeHandles.SafeServiceHandle","Running","Win32OwnProcess",,
"LocalSystem","Enables background uploading of Panopto recordings.","True","""C:\Program Files\Panopto\Recorder\Recorder.exe"" -run","AutomaticDelayedStart","PanoptoRecorderService","System.ServiceProcess.ServiceController[]","True","True","True","Panopto Upload Service","System.ServiceProcess.ServiceController[]",".","PanoptoRecorderService","System.ServiceProcess.ServiceController[]","Automatic","Microsoft.Win32.SafeHandles.SafeServiceHandle","Running","Win32OwnProcess",,
"LocalSystem","Allows Parsec access to the secure desktop (UAC).","False","""C:\Program Files\Parsec\pservice.exe""","Automatic","Parsec","System.ServiceProcess.ServiceController[]","False","False","True","Parsec","System.ServiceProcess.ServiceController[]",".","Parsec","System.ServiceProcess.ServiceController[]","Automatic","Microsoft.Win32.SafeHandles.SafeServiceHandle","Running","Win32OwnProcess, InteractiveProcess",,
"LocalSystem","This service provides support for the Program Compatibility Assistant (PCA).  PCA monitors programs installed and run by the user and detects known compatibility problems. If this service is stopped, PCA will not function properly.","True","C:\WINDOWS\system32\svchost.exe -k LocalSystemNetworkRestricted -p","AutomaticDelayedStart","PcaSvc","System.ServiceProcess.ServiceController[]","False","True","True","Program Compatibility Assistant Service","System.ServiceProcess.ServiceController[]",".","PcaSvc","System.ServiceProcess.ServiceController[]","Automatic","Microsoft.Win32.SafeHandles.SafeServiceHandle","Running","Win32OwnProcess, Win32ShareProcess",,
"NT Authority\LocalService","Manages the telephony state on the device","False","C:\WINDOWS\system32\svchost.exe -k LocalService -p","Manual","PhoneSvc","System.ServiceProcess.ServiceController[]","False","False","True","Phone Service","System.ServiceProcess.ServiceController[]",".","PhoneSvc","System.ServiceProcess.ServiceController[]","Manual","Microsoft.Win32.SafeHandles.SafeServiceHandle","Running","Win32OwnProcess, Win32ShareProcess",,
"","Indexes contact data for fast contact searching. If you stop or disable this service, contacts might be missing from your search results.","False","C:\WINDOWS\system32\svchost.exe -k UnistackSvcGroup","Manual","PimIndexMaintenanceSvc_1041c6","System.ServiceProcess.ServiceController[]","False","False","True","PimIndexMaintenanceSvc_1041c6","System.ServiceProcess.ServiceController[]",".","PimIndexMaintenanceSvc_1041c6","System.ServiceProcess.ServiceController[]","Manual","Microsoft.Win32.SafeHandles.SafeServiceHandle","Running","224",,
"LocalSystem","Enables a computer to recognize and adapt to hardware changes with little or no user input. Stopping or disabling this service will result in system instability.","False","C:\WINDOWS\system32\svchost.exe -k DcomLaunch -p","Manual","PlugPlay","System.ServiceProcess.ServiceController[]","False","True","True","Plug and Play","System.ServiceProcess.ServiceController[]",".","PlugPlay","System.ServiceProcess.ServiceController[]","Manual","Microsoft.Win32.SafeHandles.SafeServiceHandle","Running","Win32ShareProcess",,
"LocalSystem","PunkBuster Service Component [v1041] http://www.evenbalance.com","False","C:\WINDOWS\system32\PnkBstrA.exe","Automatic","PnkBstrA","System.ServiceProcess.ServiceController[]","False","True","True","PnkBstrA","System.ServiceProcess.ServiceController[]",".","PnkBstrA","System.ServiceProcess.ServiceController[]","Automatic","Microsoft.Win32.SafeHandles.SafeServiceHandle","Running","Win32OwnProcess",,
"LocalSystem","Manages power policy and power policy notification delivery.","False","C:\WINDOWS\system32\svchost.exe -k DcomLaunch -p","Automatic","Power","System.ServiceProcess.ServiceController[]","False","False","False","Power","System.ServiceProcess.ServiceController[]",".","Power","System.ServiceProcess.ServiceController[]","Automatic","Microsoft.Win32.SafeHandles.SafeServiceHandle","Running","Win32ShareProcess",,
"","Provides support for Print Workflow applications. If you turn off this service, you may not be able to print successfully.","False","C:\WINDOWS\system32\svchost.exe -k PrintWorkflow","Manual","PrintWorkflowUserSvc_1041c6","System.ServiceProcess.ServiceController[]","False","False","True","PrintWorkflowUserSvc_1041c6","System.ServiceProcess.ServiceController[]",".","PrintWorkflowUserSvc_1041c6","System.ServiceProcess.ServiceController[]","Manual",,"Running","240",,
"LocalSystem","This service is responsible for loading and unloading user profiles. If this service is stopped or disabled, users will no longer be able to successfully sign in or sign out, apps might have problems getting to users' data, and components registered to receive profile event notifications won't receive them.","False","C:\WINDOWS\system32\svchost.exe -k netsvcs -p","Automatic","ProfSvc","System.ServiceProcess.ServiceController[]","False","True","True","User Profile Service","System.ServiceProcess.ServiceController[]",".","ProfSvc","System.ServiceProcess.ServiceController[]","Automatic","Microsoft.Win32.SafeHandles.SafeServiceHandle","Running","Win32OwnProcess, Win32ShareProcess",,
"NT AUTHORITY\LocalService","Quality Windows Audio Video Experience (qWave) is a networking platform for Audio Video (AV) streaming applications on IP home networks. qWave enhances AV streaming performance and reliability by ensuring network quality-of-service (QoS) for AV applications. It provides mechanisms for admission control, run time monitoring and enforcement, application feedback, and traffic prioritization.","False","C:\WINDOWS\system32\svchost.exe -k LocalServiceAndNoImpersonation -p","Manual","QWAVE","System.ServiceProcess.ServiceController[]","False","True","True","Quality Windows Audio Video Experience","System.ServiceProcess.ServiceController[]",".","QWAVE","System.ServiceProcess.ServiceController[]","Manual","Microsoft.Win32.SafeHandles.SafeServiceHandle","Running","Win32OwnProcess, Win32ShareProcess",,
"localSystem","Manages dial-up and virtual private network (VPN) connections from this computer to the Internet or other remote networks. If this service is disabled, any services that explicitly depend on it will fail to start.","False","C:\WINDOWS\System32\svchost.exe -k netsvcs","Automatic","RasMan","System.ServiceProcess.ServiceController[]","False","True","True","Remote Access Connection Manager","System.ServiceProcess.ServiceController[]",".","RasMan","System.ServiceProcess.ServiceController[]","Automatic","Microsoft.Win32.SafeHandles.SafeServiceHandle","Running","Win32ShareProcess",,
"LocalSystem","Razer Chroma SDK web interface","False","""C:\Program Files (x86)\Razer Chroma SDK\bin\RzSDKServer.exe""","Automatic","Razer Chroma SDK Server","System.ServiceProcess.ServiceController[]","True","False","True","Razer Chroma SDK Server","System.ServiceProcess.ServiceController[]",".","Razer Chroma SDK Server","System.ServiceProcess.ServiceController[]","Automatic","Microsoft.Win32.SafeHandles.SafeServiceHandle","Running","Win32OwnProcess",,
"LocalSystem","Provides access to Razer hardware for applications using Razer SDK","False","""C:\Program Files (x86)\Razer Chroma SDK\bin\RzSDKService.exe""","Automatic","Razer Chroma SDK Service","System.ServiceProcess.ServiceController[]","True","False","True","Razer Chroma SDK Service","System.ServiceProcess.ServiceController[]",".","Razer Chroma SDK Service","System.ServiceProcess.ServiceController[]","Automatic","Microsoft.Win32.SafeHandles.SafeServiceHandle","Running","Win32OwnProcess",,
"LocalSystem","Provides access to the Razer Stream API","False","""C:\Program Files (x86)\Razer Chroma SDK\bin\RzChromaStreamServer.exe""","Automatic","Razer Chroma Stream Server","System.ServiceProcess.ServiceController[]","True","False","True","Razer Chroma Stream Server","System.ServiceProcess.ServiceController[]",".","Razer Chroma Stream Server","System.ServiceProcess.ServiceController[]","Automatic","Microsoft.Win32.SafeHandles.SafeServiceHandle","Running","Win32OwnProcess",,
"LocalSystem","This service allows for Razer software applications and services to manage the games installed on the system.","False","""C:\Program Files (x86)\Razer\Razer Services\GMS\GameManagerService.exe""","Automatic","Razer Game Manager Service","System.ServiceProcess.ServiceController[]","False","True","True","Razer Game Manager","System.ServiceProcess.ServiceController[]",".","Razer Game Manager Service","System.ServiceProcess.ServiceController[]","Automatic","Microsoft.Win32.SafeHandles.SafeServiceHandle","Running","Win32OwnProcess",,
"LocalSystem",,"False","""C:\Program Files (x86)\Razer\Synapse3\Service\Razer Synapse Service.exe""","Automatic","Razer Synapse Service","System.ServiceProcess.ServiceController[]","True","True","True","Razer Synapse Service","System.ServiceProcess.ServiceController[]",".","Razer Synapse Service","System.ServiceProcess.ServiceController[]","Automatic","Microsoft.Win32.SafeHandles.SafeServiceHandle","Running","Win32OwnProcess",,
"NT AUTHORITY\LocalService","Radio Management and Airplane Mode Service","False","C:\WINDOWS\System32\svchost.exe -k LocalServiceNetworkRestricted","Manual","RmSvc","System.ServiceProcess.ServiceController[]","False","False","True","Radio Management Service","System.ServiceProcess.ServiceController[]",".","RmSvc","System.ServiceProcess.ServiceController[]","Manual",,"Running","Win32OwnProcess, Win32ShareProcess",,
"NT AUTHORITY\NetworkService","Resolves RPC interfaces identifiers to transport endpoints. If this service is stopped or disabled, programs using Remote Procedure Call (RPC) services will not function properly.","False","C:\WINDOWS\system32\svchost.exe -k RPCSS -p","Automatic","RpcEptMapper","System.ServiceProcess.ServiceController[]","False","False","False","RPC Endpoint Mapper","System.ServiceProcess.ServiceController[]",".","RpcEptMapper","System.ServiceProcess.ServiceController[]","Automatic",,"Running","Win32ShareProcess",,
"NT AUTHORITY\NetworkService","The RPCSS service is the Service Control Manager for COM and DCOM servers. It performs object activations requests, object exporter resolutions and distributed garbage collection for COM and DCOM servers. If this service is stopped or disabled, programs using COM or DCOM will not function properly. It is strongly recommended that you have the RPCSS service running.","False","C:\WINDOWS\system32\svchost.exe -k rpcss -p","Automatic","RpcSs","System.ServiceProcess.ServiceController[]","False","False","False","Remote Procedure Call (RPC)","System.ServiceProcess.ServiceController[]",".","RpcSs","System.ServiceProcess.ServiceController[]","Automatic",,"Running","Win32ShareProcess",,
"LocalSystem",,"False","""C:\Program Files (x86)\Razer\Razer Services\Razer Central\RazerCentralService.exe""","Automatic","RzActionSvc","System.ServiceProcess.ServiceController[]","False","True","True","Razer Central Service","System.ServiceProcess.ServiceController[]",".","RzActionSvc","System.ServiceProcess.ServiceController[]","Automatic","Microsoft.Win32.SafeHandles.SafeServiceHandle","Running","Win32OwnProcess",,
"LocalSystem","The startup of this service signals other services that the Security Accounts Manager (SAM) is ready to accept requests.  Disabling this service will prevent other services in the system from being notified when the SAM is ready, which may in turn cause those services to fail to start correctly. This service should not be disabled.","False","C:\WINDOWS\system32\lsass.exe","Automatic","SamSs","System.ServiceProcess.ServiceController[]","False","False","False","Security Accounts Manager","System.ServiceProcess.ServiceController[]",".","SamSs","System.ServiceProcess.ServiceController[]","Automatic","Microsoft.Win32.SafeHandles.SafeServiceHandle","Running","Win32ShareProcess",,
"LocalSystem","Enables a user to configure and schedule automated tasks on this computer. The service also hosts multiple Windows system-critical tasks. If this service is stopped or disabled, these tasks will not be run at their scheduled times. If this service is disabled, any services that explicitly depend on it will fail to start.","False","C:\WINDOWS\system32\svchost.exe -k netsvcs -p","Automatic","Schedule","System.ServiceProcess.ServiceController[]","False","True","True","Task Scheduler","System.ServiceProcess.ServiceController[]",".","Schedule","System.ServiceProcess.ServiceController[]","Automatic",,"Running","Win32OwnProcess, Win32ShareProcess",,
"LocalSystem","Enables starting processes under alternate credentials. If this service is stopped, this type of logon access will be unavailable. If this service is disabled, any services that explicitly depend on it will fail to start.","False","C:\WINDOWS\system32\svchost.exe -k netsvcs -p","Manual","seclogon","System.ServiceProcess.ServiceController[]","True","False","True","Secondary Logon","System.ServiceProcess.ServiceController[]",".","seclogon","System.ServiceProcess.ServiceController[]","Manual","Microsoft.Win32.SafeHandles.SafeServiceHandle","Running","Win32OwnProcess, Win32ShareProcess",,
"LocalSystem","Windows Security Service handles unified device protection and health information","False","C:\WINDOWS\system32\SecurityHealthService.exe","Manual","SecurityHealthService","System.ServiceProcess.ServiceController[]","False","False","False","Windows Security Service","System.ServiceProcess.ServiceController[]",".","SecurityHealthService","System.ServiceProcess.ServiceController[]","Manual",,"Running","Win32OwnProcess",,
"LocalSystem","Monitors system events and notifies subscribers to COM+ Event System of these events.","False","C:\WINDOWS\system32\svchost.exe -k netsvcs -p","Automatic","SENS","System.ServiceProcess.ServiceController[]","False","False","True","System Event Notification Service","System.ServiceProcess.ServiceController[]",".","SENS","System.ServiceProcess.ServiceController[]","Automatic","Microsoft.Win32.SafeHandles.SafeServiceHandle","Running","Win32OwnProcess, Win32ShareProcess",,
"LocalSystem","Monitors and attests to the integrity of the Windows platform.","True","C:\WINDOWS\system32\SgrmBroker.exe","AutomaticDelayedStart","SgrmBroker","System.ServiceProcess.ServiceController[]","False","True","False","System Guard Runtime Monitor Broker","System.ServiceProcess.ServiceController[]",".","SgrmBroker","System.ServiceProcess.ServiceController[]","Automatic","Microsoft.Win32.SafeHandles.SafeServiceHandle","Running","Win32OwnProcess",,
"LocalSystem","Provides network address translation, addressing, name resolution and/or intrusion prevention services for a home or small office network.","False","C:\WINDOWS\System32\svchost.exe -k netsvcs -p","Manual","SharedAccess","System.ServiceProcess.ServiceController[]","False","False","True","Internet Connection Sharing (ICS)","System.ServiceProcess.ServiceController[]",".","SharedAccess","System.ServiceProcess.ServiceController[]","Manual","Microsoft.Win32.SafeHandles.SafeServiceHandle","Running","Win32OwnProcess, Win32ShareProcess",,
"LocalSystem","Provides notifications for AutoPlay hardware events.","False","C:\WINDOWS\System32\svchost.exe -k netsvcs -p","Automatic","ShellHWDetection","System.ServiceProcess.ServiceController[]","False","False","True","Shell Hardware Detection","System.ServiceProcess.ServiceController[]",".","ShellHWDetection","System.ServiceProcess.ServiceController[]","Automatic","Microsoft.Win32.SafeHandles.SafeServiceHandle","Running","Win32OwnProcess, Win32ShareProcess",,
"LocalSystem","The service allows to change BlueVoice controls","False","""C:\Program Files\Blue Sherpa\sherpa_service.exe"" /as_service","Automatic","sherpa_service","System.ServiceProcess.ServiceController[]","False","False","True","Blue Sherpa service","System.ServiceProcess.ServiceController[]",".","sherpa_service","System.ServiceProcess.ServiceController[]","Automatic","Microsoft.Win32.SafeHandles.SafeServiceHandle","Running","Win32OwnProcess",,
"LocalSystem","This service spools print jobs and handles interaction with the printer.  If you turn off this service, you wonâ€™t be able to print or see your printers.","False","C:\WINDOWS\System32\spoolsv.exe","Automatic","Spooler","System.ServiceProcess.ServiceController[]","False","False","True","Print Spooler","System.ServiceProcess.ServiceController[]",".","Spooler","System.ServiceProcess.ServiceController[]","Automatic","Microsoft.Win32.SafeHandles.SafeServiceHandle","Running","Win32OwnProcess, InteractiveProcess",,
"NT AUTHORITY\LocalService","Discovers networked devices and services that use the SSDP discovery protocol, such as UPnP devices. Also announces SSDP devices and services running on the local computer. If this service is stopped, SSDP-based devices will not be discovered. If this service is disabled, any services that explicitly depend on it will fail to start.","False","C:\WINDOWS\system32\svchost.exe -k LocalServiceAndNoImpersonation -p","Manual","SSDPSRV","System.ServiceProcess.ServiceController[]","False","True","True","SSDP Discovery","System.ServiceProcess.ServiceController[]",".","SSDPSRV","System.ServiceProcess.ServiceController[]","Manual","Microsoft.Win32.SafeHandles.SafeServiceHandle","Running","Win32OwnProcess, Win32ShareProcess",,
"NT Authority\LocalService","Provides support for the Secure Socket Tunneling Protocol (SSTP) to connect to remote computers using VPN. If this service is disabled, users will not be able to use SSTP to access remote servers.","False","C:\WINDOWS\system32\svchost.exe -k LocalService -p","Manual","SstpSvc","System.ServiceProcess.ServiceController[]","False","True","True","Secure Socket Tunneling Protocol Service","System.ServiceProcess.ServiceController[]",".","SstpSvc","System.ServiceProcess.ServiceController[]","Manual","Microsoft.Win32.SafeHandles.SafeServiceHandle","Running","Win32OwnProcess, Win32ShareProcess",,
"LocalSystem","Provides required infrastructure support for the application model.","False","C:\WINDOWS\system32\svchost.exe -k appmodel -p","Automatic","StateRepository","System.ServiceProcess.ServiceController[]","False","True","True","State Repository Service","System.ServiceProcess.ServiceController[]",".","StateRepository","System.ServiceProcess.ServiceController[]","Automatic","Microsoft.Win32.SafeHandles.SafeServiceHandle","Running","Win32OwnProcess, Win32ShareProcess",,
"LocalSystem","Steam Client Service monitors and updates Steam content","False","""C:\Program Files (x86)\Common Files\Steam\steamservice.exe"" /RunAsService","Manual","Steam Client Service","System.ServiceProcess.ServiceController[]","False","False","True","Steam Client Service","System.ServiceProcess.ServiceController[]",".","Steam Client Service","System.ServiceProcess.ServiceController[]","Manual","Microsoft.Win32.SafeHandles.SafeServiceHandle","Running","Win32OwnProcess",,
"LocalSystem","Provides enabling services for storage settings and external storage expansion","True","C:\WINDOWS\System32\svchost.exe -k LocalSystemNetworkRestricted -p","AutomaticDelayedStart","StorSvc","System.ServiceProcess.ServiceController[]","False","False","True","Storage Service","System.ServiceProcess.ServiceController[]",".","StorSvc","System.ServiceProcess.ServiceController[]","Automatic","Microsoft.Win32.SafeHandles.SafeServiceHandle","Running","Win32OwnProcess, Win32ShareProcess",,
"LocalSystem","Maintains and improves system performance over time.","False","C:\WINDOWS\system32\svchost.exe -k LocalSystemNetworkRestricted -p","Automatic","SysMain","System.ServiceProcess.ServiceController[]","False","True","True","SysMain","System.ServiceProcess.ServiceController[]",".","SysMain","System.ServiceProcess.ServiceController[]","Automatic","Microsoft.Win32.SafeHandles.SafeServiceHandle","Running","Win32OwnProcess, Win32ShareProcess",,
"LocalSystem","Coordinates execution of background work for WinRT application. If this service is stopped or disabled, then background work might not be triggered.","False","C:\WINDOWS\system32\svchost.exe -k DcomLaunch -p","Automatic","SystemEventsBroker","System.ServiceProcess.ServiceController[]","False","False","True","System Events Broker","System.ServiceProcess.ServiceController[]",".","SystemEventsBroker","System.ServiceProcess.ServiceController[]","Automatic",,"Running","Win32ShareProcess",,
"LocalSystem","Enables Touch Keyboard and Handwriting Panel pen and ink functionality","False","C:\WINDOWS\System32\svchost.exe -k LocalSystemNetworkRestricted -p","Manual","TabletInputService","System.ServiceProcess.ServiceController[]","False","False","False","Touch Keyboard and Handwriting Panel Service","System.ServiceProcess.ServiceController[]",".","TabletInputService","System.ServiceProcess.ServiceController[]","Manual","Microsoft.Win32.SafeHandles.SafeServiceHandle","Running","Win32OwnProcess, Win32ShareProcess",,
"LocalSystem","TeamViewer Remote Software","False","""C:\Program Files (x86)\TeamViewer\TeamViewer_Service.exe""","Automatic","TeamViewer","System.ServiceProcess.ServiceController[]","False","True","True","TeamViewer","System.ServiceProcess.ServiceController[]",".","TeamViewer","System.ServiceProcess.ServiceController[]","Automatic","Microsoft.Win32.SafeHandles.SafeServiceHandle","Running","Win32OwnProcess",,
"LocalSystem","Provides user experience theme management.","False","C:\WINDOWS\System32\svchost.exe -k netsvcs -p","Automatic","Themes","System.ServiceProcess.ServiceController[]","False","False","True","Themes","System.ServiceProcess.ServiceController[]",".","Themes","System.ServiceProcess.ServiceController[]","Automatic","Microsoft.Win32.SafeHandles.SafeServiceHandle","Running","Win32OwnProcess, Win32ShareProcess",,
"LocalSystem",,"False","C:\ProgramData\TileServer\nssm_64.exe","Automatic","TilesServer","System.ServiceProcess.ServiceController[]","True","True","True","TilesServer","System.ServiceProcess.ServiceController[]",".","TilesServer","System.ServiceProcess.ServiceController[]","Automatic","Microsoft.Win32.SafeHandles.SafeServiceHandle","Running","Win32OwnProcess",,
"NT AUTHORITY\LocalService","Coordinates execution of background work for WinRT application. If this service is stopped or disabled, then background work might not be triggered.","False","C:\WINDOWS\system32\svchost.exe -k LocalServiceNetworkRestricted -p","Manual","TimeBrokerSvc","System.ServiceProcess.ServiceController[]","False","False","True","Time Broker","System.ServiceProcess.ServiceController[]",".","TimeBrokerSvc","System.ServiceProcess.ServiceController[]","Manual",,"Running","Win32OwnProcess, Win32ShareProcess",,
"LocalSystem","This service is used by Web Account Manager to provide single-sign-on to apps and services.","False","C:\WINDOWS\system32\svchost.exe -k netsvcs -p","Manual","TokenBroker","System.ServiceProcess.ServiceController[]","False","False","True","Web Account Manager","System.ServiceProcess.ServiceController[]",".","TokenBroker","System.ServiceProcess.ServiceController[]","Manual","Microsoft.Win32.SafeHandles.SafeServiceHandle","Running","Win32OwnProcess, Win32ShareProcess",,
"LocalSystem","Maintains links between NTFS files within a computer or across computers in a network.","False","C:\WINDOWS\System32\svchost.exe -k LocalSystemNetworkRestricted -p","Automatic","TrkWks","System.ServiceProcess.ServiceController[]","False","True","True","Distributed Link Tracking Client","System.ServiceProcess.ServiceController[]",".","TrkWks","System.ServiceProcess.ServiceController[]","Automatic","Microsoft.Win32.SafeHandles.SafeServiceHandle","Running","Win32OwnProcess, Win32ShareProcess",,
"","Shell components service","False","C:\WINDOWS\system32\svchost.exe -k UdkSvcGroup","Manual","UdkUserSvc_1041c6","System.ServiceProcess.ServiceController[]","False","False","True","UdkUserSvc_1041c6","System.ServiceProcess.ServiceController[]",".","UdkUserSvc_1041c6","System.ServiceProcess.ServiceController[]","Manual","Microsoft.Win32.SafeHandles.SafeServiceHandle","Running","240",,
"LocalSystem","Maintains Update Health","True","""C:\Program Files\Microsoft Update Health Tools\uhssvc.exe""","AutomaticDelayedStart","uhssvc","System.ServiceProcess.ServiceController[]","False","True","True","Microsoft Update Health Service","System.ServiceProcess.ServiceController[]",".","uhssvc","System.ServiceProcess.ServiceController[]","Automatic","Microsoft.Win32.SafeHandles.SafeServiceHandle","Running","Win32OwnProcess",,
"","Handles storage of structured user data, including contact info, calendars, messages, and other content. If you stop or disable this service, apps that use this data might not work correctly.","False","C:\WINDOWS\System32\svchost.exe -k UnistackSvcGroup","Manual","UnistoreSvc_1041c6","System.ServiceProcess.ServiceController[]","False","False","True","UnistoreSvc_1041c6","System.ServiceProcess.ServiceController[]",".","UnistoreSvc_1041c6","System.ServiceProcess.ServiceController[]","Manual","Microsoft.Win32.SafeHandles.SafeServiceHandle","Running","224",,
"","Provides apps access to structured user data, including contact info, calendars, messages, and other content. If you stop or disable this service, apps that use this data might not work correctly.","False","C:\WINDOWS\system32\svchost.exe -k UnistackSvcGroup","Manual","UserDataSvc_1041c6","System.ServiceProcess.ServiceController[]","False","False","True","UserDataSvc_1041c6","System.ServiceProcess.ServiceController[]",".","UserDataSvc_1041c6","System.ServiceProcess.ServiceController[]","Manual","Microsoft.Win32.SafeHandles.SafeServiceHandle","Running","224",,
"LocalSystem","User Manager provides the runtime components required for multi-user interaction.  If this service is stopped, some applications may not operate correctly.","False","C:\WINDOWS\system32\svchost.exe -k netsvcs -p","Automatic","UserManager","System.ServiceProcess.ServiceController[]","False","False","True","User Manager","System.ServiceProcess.ServiceController[]",".","UserManager","System.ServiceProcess.ServiceController[]","Automatic","Microsoft.Win32.SafeHandles.SafeServiceHandle","Running","Win32OwnProcess, Win32ShareProcess",,
"LocalSystem","Manages Windows Updates. If stopped, your devices will not be able to download and install the latest updates.","True","C:\WINDOWS\system32\svchost.exe -k netsvcs -p","AutomaticDelayedStart","UsoSvc","System.ServiceProcess.ServiceController[]","False","True","True","Update Orchestrator Service","System.ServiceProcess.ServiceController[]",".","UsoSvc","System.ServiceProcess.ServiceController[]","Automatic","Microsoft.Win32.SafeHandles.SafeServiceHandle","Running","Win32OwnProcess, Win32ShareProcess",,
"LocalSystem","Provides secure storage and retrieval of credentials to users, applications and security service packages.","False","C:\WINDOWS\system32\lsass.exe","Manual","VaultSvc","System.ServiceProcess.ServiceController[]","False","True","True","Credential Manager","System.ServiceProcess.ServiceController[]",".","VaultSvc","System.ServiceProcess.ServiceController[]","Manual","Microsoft.Win32.SafeHandles.SafeServiceHandle","Running","Win32ShareProcess",,
"LocalSystem","Provides background services for Virtual Desktop.","False","""C:\Program Files\Virtual Desktop\VirtualDesktop.Service.exe""","Automatic","VirtualDesktop.Service.exe","System.ServiceProcess.ServiceController[]","False","True","True","Virtual Desktop Service","System.ServiceProcess.ServiceController[]",".","VirtualDesktop.Service.exe","System.ServiceProcess.ServiceController[]","Automatic","Microsoft.Win32.SafeHandles.SafeServiceHandle","Running","Win32OwnProcess",,
"LocalSystem","Authorization and authentication service for starting and accessing virtual machines.","False","""C:\Program Files (x86)\VMware\VMware Workstation\vmware-authd.exe""","Automatic","VMAuthdService","System.ServiceProcess.ServiceController[]","False","False","True","VMware Authorization Service","System.ServiceProcess.ServiceController[]",".","VMAuthdService","System.ServiceProcess.ServiceController[]","Automatic","Microsoft.Win32.SafeHandles.SafeServiceHandle","Running","Win32OwnProcess",,
"LocalSystem","Provides support for running Windows Containers and Virtual Machines.","False","C:\WINDOWS\system32\vmcompute.exe","Manual","vmcompute","System.ServiceProcess.ServiceController[]","False","False","True","Hyper-V Host Compute Service","System.ServiceProcess.ServiceController[]",".","vmcompute","System.ServiceProcess.ServiceController[]","Manual","Microsoft.Win32.SafeHandles.SafeServiceHandle","Running","Win32OwnProcess",,
"LocalSystem","Management service for Hyper-V, provides service to run multiple virtual machines.","False","C:\WINDOWS\system32\vmms.exe","Automatic","vmms","System.ServiceProcess.ServiceController[]","False","False","True","Hyper-V Virtual Machine Management","System.ServiceProcess.ServiceController[]",".","vmms","System.ServiceProcess.ServiceController[]","Automatic","Microsoft.Win32.SafeHandles.SafeServiceHandle","Running","Win32OwnProcess",,
"LocalSystem","DHCP service for virtual networks.
","False","C:\WINDOWS\SysWOW64\vmnetdhcp.exe","Automatic","VMnetDHCP","System.ServiceProcess.ServiceController[]","False","False","True","VMware DHCP Service","System.ServiceProcess.ServiceController[]",".","VMnetDHCP","System.ServiceProcess.ServiceController[]","Automatic","Microsoft.Win32.SafeHandles.SafeServiceHandle","Running","Win32OwnProcess",,
"LocalSystem","Arbitration and enumeration of USB devices for virtual machines","False","""C:\Program Files (x86)\Common Files\VMware\USB\vmware-usbarbitrator64.exe""","Automatic","VMUSBArbService","System.ServiceProcess.ServiceController[]","False","False","True","VMware USB Arbitration Service","System.ServiceProcess.ServiceController[]",".","VMUSBArbService","System.ServiceProcess.ServiceController[]","Automatic","Microsoft.Win32.SafeHandles.SafeServiceHandle","Running","Win32OwnProcess",,
"LocalSystem","Network address translation for virtual networks.
","False","C:\WINDOWS\SysWOW64\vmnat.exe","Automatic","VMware NAT Service","System.ServiceProcess.ServiceController[]","False","False","True","VMware NAT Service","System.ServiceProcess.ServiceController[]",".","VMware NAT Service","System.ServiceProcess.ServiceController[]","Automatic","Microsoft.Win32.SafeHandles.SafeServiceHandle","Running","Win32OwnProcess",,
"LocalSystem","Remote access service for registration and management of virtual machines.","False","""C:\Program Files (x86)\VMware\VMware Workstation\vmware-hostd.exe"" -u ""C:\ProgramData\VMware\hostd\config.xml""","Automatic","VMwareHostd","System.ServiceProcess.ServiceController[]","False","True","True","VMware Workstation Server","System.ServiceProcess.ServiceController[]",".","VMwareHostd","System.ServiceProcess.ServiceController[]","Automatic","Microsoft.Win32.SafeHandles.SafeServiceHandle","Running","Win32OwnProcess",,
"NT Authority\LocalService","Makes automatic connect/disconnect decisions based on the network connectivity options currently available to the PC and enables management of network connectivity based on Group Policy settings.","False","C:\WINDOWS\system32\svchost.exe -k LocalServiceNetworkRestricted -p","Automatic","Wcmsvc","System.ServiceProcess.ServiceController[]","False","True","True","Windows Connection Manager","System.ServiceProcess.ServiceController[]",".","Wcmsvc","System.ServiceProcess.ServiceController[]","Automatic","Microsoft.Win32.SafeHandles.SafeServiceHandle","Running","Win32OwnProcess",,
"NT AUTHORITY\LocalService","The Diagnostic Service Host is used by the Diagnostic Policy Service to host diagnostics that need to run in a Local Service context.  If this service is stopped, any diagnostics that depend on it will no longer function.","False","C:\WINDOWS\System32\svchost.exe -k LocalService -p","Manual","WdiServiceHost","System.ServiceProcess.ServiceController[]","False","True","True","Diagnostic Service Host","System.ServiceProcess.ServiceController[]",".","WdiServiceHost","System.ServiceProcess.ServiceController[]","Manual",,"Running","Win32OwnProcess, Win32ShareProcess",,
"LocalSystem","The Diagnostic System Host is used by the Diagnostic Policy Service to host diagnostics that need to run in a Local System context.  If this service is stopped, any diagnostics that depend on it will no longer function.","False","C:\WINDOWS\System32\svchost.exe -k LocalSystemNetworkRestricted -p","Manual","WdiSystemHost","System.ServiceProcess.ServiceController[]","False","True","True","Diagnostic System Host","System.ServiceProcess.ServiceController[]",".","WdiSystemHost","System.ServiceProcess.ServiceController[]","Manual",,"Running","Win32OwnProcess, Win32ShareProcess",,
"NT AUTHORITY\LocalService","Helps guard against intrusion attempts targeting known and newly discovered vulnerabilities in network protocols","False","""C:\ProgramData\Microsoft\Windows Defender\Platform\4.18.2202.4-0\NisSrv.exe""","Manual","WdNisSvc","System.ServiceProcess.ServiceController[]","False","False","True","Microsoft Defender Antivirus Network Inspection Service","System.ServiceProcess.ServiceController[]",".","WdNisSvc","System.ServiceProcess.ServiceController[]","Manual",,"Running","Win32OwnProcess",,
"LocalSystem","Helps protect users from malware and other potentially unwanted software","False","""C:\ProgramData\Microsoft\Windows Defender\Platform\4.18.2202.4-0\MsMpEng.exe""","Automatic","WinDefend","System.ServiceProcess.ServiceController[]","False","True","False","Microsoft Defender Antivirus Service","System.ServiceProcess.ServiceController[]",".","WinDefend","System.ServiceProcess.ServiceController[]","Automatic",,"Running","Win32OwnProcess",,
"NT AUTHORITY\LocalService","WinHTTP implements the client HTTP stack and provides developers with a Win32 API and COM Automation component for sending HTTP requests and receiving responses. In addition, WinHTTP provides support for auto-discovering a proxy configuration via its implementation of the Web Proxy Auto-Discovery (WPAD) protocol.","False","C:\WINDOWS\system32\svchost.exe -k LocalServiceNetworkRestricted -p","Manual","WinHttpAutoProxySvc","System.ServiceProcess.ServiceController[]","False","True","False","WinHTTP Web Proxy Auto-Discovery Service","System.ServiceProcess.ServiceController[]",".","WinHttpAutoProxySvc","System.ServiceProcess.ServiceController[]","Manual",,"Running","Win32OwnProcess, Win32ShareProcess",,
"localSystem","Provides a common interface and object model to access management information about operating system, devices, applications and services. If this service is stopped, most Windows-based software will not function properly. If this service is disabled, any services that explicitly depend on it will fail to start.","False","C:\WINDOWS\system32\svchost.exe -k netsvcs -p","Automatic","Winmgmt","System.ServiceProcess.ServiceController[]","True","True","True","Windows Management Instrumentation","System.ServiceProcess.ServiceController[]",".","Winmgmt","System.ServiceProcess.ServiceController[]","Automatic","Microsoft.Win32.SafeHandles.SafeServiceHandle","Running","Win32OwnProcess, Win32ShareProcess",,
"LocalSystem","The WLANSVC service provides the logic required to configure, discover, connect to, and disconnect from a wireless local area network (WLAN) as defined by IEEE 802.11 standards. It also contains the logic to turn your computer into a software access point so that other devices or computers can connect to your computer wirelessly using a WLAN adapter that can support this. Stopping or disabling the WLANSVC service will make all WLAN adapters on your computer inaccessible from the Windows networking UI. It is strongly recommended that you have the WLANSVC service running if your computer has a WLAN adapter.","False","C:\WINDOWS\system32\svchost.exe -k LocalSystemNetworkRestricted -p","Automatic","WlanSvc","System.ServiceProcess.ServiceController[]","False","True","True","WLAN AutoConfig","System.ServiceProcess.ServiceController[]",".","WlanSvc","System.ServiceProcess.ServiceController[]","Automatic","Microsoft.Win32.SafeHandles.SafeServiceHandle","Running","Win32OwnProcess",,
"LocalSystem","This service runs in session 0 and hosts the notification platform and connection provider which handles the connection between the device and WNS server.","False","C:\WINDOWS\system32\svchost.exe -k netsvcs -p","Automatic","WpnService","System.ServiceProcess.ServiceController[]","False","False","True","Windows Push Notifications System Service","System.ServiceProcess.ServiceController[]",".","WpnService","System.ServiceProcess.ServiceController[]","Automatic","Microsoft.Win32.SafeHandles.SafeServiceHandle","Running","Win32OwnProcess, Win32ShareProcess",,
"","This service hosts Windows notification platform which provides support for local and push notifications. Supported notifications are tile, toast and raw.","False","C:\WINDOWS\system32\svchost.exe -k UnistackSvcGroup","Automatic","WpnUserService_1041c6","System.ServiceProcess.ServiceController[]","False","False","True","WpnUserService_1041c6","System.ServiceProcess.ServiceController[]",".","WpnUserService_1041c6","System.ServiceProcess.ServiceController[]","Automatic","Microsoft.Win32.SafeHandles.SafeServiceHandle","Running","240",,
"NT AUTHORITY\LocalService","The WSCSVC (Windows Security Center) service monitors and reports security health settings on the computer.  The health settings include firewall (on/off), antivirus (on/off/out of date), antispyware (on/off/out of date), Windows Update (automatically/manually download and install updates), User Account Control (on/off), and Internet settings (recommended/not recommended). The service provides COM APIs for independent software vendors to register and record the state of their products to the Security Center service.  The Security and Maintenance UI uses the service to provide systray alerts and a graphical view of the security health states in the Security and Maintenance control panel.  Network Access Protection (NAP) uses the service to report the security health states of clients to the NAP Network Policy Server to make network quarantine decisions.  The service also has a public API that allows external consumers to programmatically retrieve the aggregated security health state of the system.","True","C:\WINDOWS\System32\svchost.exe -k LocalServiceNetworkRestricted -p","AutomaticDelayedStart","wscsvc","System.ServiceProcess.ServiceController[]","False","True","True","Security Center","System.ServiceProcess.ServiceController[]",".","wscsvc","System.ServiceProcess.ServiceController[]","Automatic",,"Running","Win32OwnProcess, Win32ShareProcess",,
"LocalSystem","Provides content indexing, property caching, and search results for files, e-mail, and other content.","True","C:\WINDOWS\system32\SearchIndexer.exe /Embedding","AutomaticDelayedStart","WSearch","System.ServiceProcess.ServiceController[]","False","True","True","Windows Search","System.ServiceProcess.ServiceController[]",".","WSearch","System.ServiceProcess.ServiceController[]","Automatic","Microsoft.Win32.SafeHandles.SafeServiceHandle","Running","Win32OwnProcess",,
"LocalSystem","This service manages connected Xbox Accessories.","False","C:\WINDOWS\system32\svchost.exe -k netsvcs -p","Manual","XboxGipSvc","System.ServiceProcess.ServiceController[]","False","False","True","Xbox Accessory Management Service","System.ServiceProcess.ServiceController[]",".","XboxGipSvc","System.ServiceProcess.ServiceController[]","Manual","Microsoft.Win32.SafeHandles.SafeServiceHandle","Running","Win32OwnProcess, Win32ShareProcess",,
"LocalSystem","Ethernet Virtualization Service","False","C:\ProgramData\ZeroTier\One\zerotier-one_x64.exe","Automatic","ZeroTierOneService","System.ServiceProcess.ServiceController[]","False","True","True","ZeroTier One","System.ServiceProcess.ServiceController[]",".","ZeroTierOneService","System.ServiceProcess.ServiceController[]","Automatic","Microsoft.Win32.SafeHandles.SafeServiceHandle","Running","Win32OwnProcess",,
